1758467742.741025000	5b72acb11f0f	54656c69612d32472d413242383631	-78,-81,-81
1758467742.748559000	771ae4b8d94f	54656c69612d32472d413242393031	-80,-81,-85
1758467742.753748000	228571f08ccf	546865794b6e6f77576865726549503f21	-78,-84,-79
1758467742.767698000	ab2bd85168fd	54656c69612d32472d413242423631	-25,-26,-31
1758467742.770675000	4ca30baada51	54656c69612d32472d413242423731	-62,-62,-71
1758467742.841130000	5b72acb11f0f	54656c69612d32472d413242383631	-78,-81,-81
1758467742.853486000	771ae4b8d94f	54656c69612d32472d413242393031	-81,-82,-86
1758467742.870256000	ab2bd85168fd	54656c69612d32472d413242423631	-25,-26,-31
1758467742.873236000	4ca30baada51	54656c69612d32472d413242423731	-63,-63,-73
1758467743.074844000	4ca30baada51	54656c69612d32472d413242423731	-62,-62,-71
1758467743.077824000	ab2bd85168fd	54656c69612d32472d413242423631	-25,-26,-31
1758467743.105766000	17000acdf3ee	5a617057616e	-84,-88,-86
1758467743.118763000	17000acdf3ee	<MISSING>	-80,-83,-83
1758467743.136030000	17000acdf3ee	5a617057616e	-79,-82,-82
1758467743.148143000	5b72acb11f0f	54656c69612d32472d413242383631	-71,-72,-76
1758467743.149824000	17000acdf3ee	<MISSING>	-82,-87,-83
1758467743.181400000	17000acdf3ee	5a617057616e	-84,-87,-87
1758467743.279980000	4ca30baada51	54656c69612d32472d413242423731	-62,-62,-71
1758467743.282961000	ab2bd85168fd	54656c69612d32472d413242423631	-25,-26,-31
1758467743.382097000	ab2bd85168fd	54656c69612d32472d413242423631	-24,-25,-31
1758467743.385155000	4ca30baada51	54656c69612d32472d413242423731	-62,-62,-71
1758467743.466836000	771ae4b8d94f	54656c69612d32472d413242393031	-82,-84,-86
1758467743.567569000	771ae4b8d94f	54656c69612d32472d413242393031	-82,-83,-86
1758467743.574375000	228571f08ccf	546865794b6e6f77576865726549503f21	-76,-80,-77
1758467743.586914000	ab2bd85168fd	54656c69612d32472d413242423631	-24,-25,-31
1758467743.589937000	4ca30baada51	54656c69612d32472d413242423731	-62,-62,-71
1758467743.689338000	ab2bd85168fd	54656c69612d32472d413242423631	-25,-26,-31
1758467743.692344000	4ca30baada51	54656c69612d32472d413242423731	-62,-62,-71
1758467743.792630000	4ca30baada51	54656c69612d32472d413242423731	-62,-62,-71
1758467743.795608000	ab2bd85168fd	54656c69612d32472d413242423631	-25,-26,-31
1758467743.867375000	5b72acb11f0f	54656c69612d32472d413242383631	-79,-81,-82
1758467743.879184000	228571f08ccf	546865794b6e6f77576865726549503f21	-80,-87,-80
1758467743.979915000	771ae4b8d94f	54656c69612d32472d413242393031	-81,-83,-85
1758467744.071752000	5b72acb11f0f	54656c69612d32472d413242383631	-66,-67,-73
1758467744.100029000	ab2bd85168fd	54656c69612d32472d413242423631	-25,-26,-30
1758467744.184709000	771ae4b8d94f	54656c69612d32472d413242393031	-81,-82,-86
1758467744.288799000	228571f08ccf	546865794b6e6f77576865726549503f21	-80,-84,-81
1758467744.303392000	4ca30baada51	54656c69612d32472d413242423731	-62,-62,-71
1758467744.306391000	ab2bd85168fd	54656c69612d32472d413242423631	-25,-26,-30
1758467744.339522000	d286a7d9569f	<MISSING>	-84,-89,-85
1758467744.379394000	5b72acb11f0f	54656c69612d32472d413242383631	-79,-82,-82
1758467744.382110000	d286a7d9569f	<MISSING>	-66,-66,-78
1758467744.409987000	ab2bd85168fd	54656c69612d32472d413242423631	-25,-26,-30
1758467744.420456000	d286a7d9569f	<MISSING>	-83,-84,-87
1758467744.481795000	5b72acb11f0f	54656c69612d32472d413242383631	-77,-80,-80
1758467744.493619000	228571f08ccf	546865794b6e6f77576865726549503f21	-79,-85,-80
1758467744.508270000	4ca30baada51	54656c69612d32472d413242423731	-61,-61,-70
1758467744.511255000	ab2bd85168fd	54656c69612d32472d413242423631	-25,-26,-30
1758467744.611717000	ab2bd85168fd	54656c69612d32472d413242423631	-25,-26,-30
1758467744.614715000	4ca30baada51	54656c69612d32472d413242423731	-61,-61,-71
1758467744.686602000	5b72acb11f0f	54656c69612d32472d413242383631	-80,-81,-84
1758467744.696693000	771ae4b8d94f	54656c69612d32472d413242393031	-82,-83,-87
1758467744.713358000	ab2bd85168fd	54656c69612d32472d413242423631	-25,-26,-30
1758467744.796382000	771ae4b8d94f	54656c69612d32472d413242393031	-81,-82,-85
1758467744.800813000	228571f08ccf	546865794b6e6f77576865726549503f21	-80,-84,-82
1758467744.816182000	ab2bd85168fd	54656c69612d32472d413242423631	-25,-26,-30
1758467744.819189000	4ca30baada51	54656c69612d32472d413242423731	-61,-61,-69
1758467744.898811000	771ae4b8d94f	54656c69612d32472d413242393031	-82,-83,-88
1758467744.918608000	ab2bd85168fd	54656c69612d32472d413242423631	-25,-26,-30
1758467744.921606000	4ca30baada51	54656c69612d32472d413242423731	-60,-60,-69
1758467744.993786000	5b72acb11f0f	54656c69612d32472d413242383631	-79,-82,-82
1758467745.020068000	4ca30baada51	54656c69612d32472d413242423731	-60,-60,-68
1758467745.023057000	ab2bd85168fd	54656c69612d32472d413242423631	-25,-26,-30
1758467745.094317000	5b72acb11f0f	54656c69612d32472d413242383631	-77,-80,-79
1758467745.123046000	ab2bd85168fd	54656c69612d32472d413242423631	-25,-26,-30
1758467745.126044000	4ca30baada51	54656c69612d32472d413242423731	-61,-61,-69
1758467745.225640000	ab2bd85168fd	54656c69612d32472d413242423631	-25,-26,-30
1758467745.228649000	4ca30baada51	54656c69612d32472d413242423731	-61,-61,-70
1758467745.328128000	ab2bd85168fd	54656c69612d32472d413242423631	-25,-26,-30
1758467745.331098000	4ca30baada51	54656c69612d32472d413242423731	-61,-61,-69
1758467745.413539000	771ae4b8d94f	54656c69612d32472d413242393031	-81,-82,-87
1758467745.430204000	ab2bd85168fd	54656c69612d32472d413242423631	-25,-26,-30
1758467745.433214000	4ca30baada51	54656c69612d32472d413242423731	-60,-60,-69
1758467745.504328000	5b72acb11f0f	54656c69612d32472d413242383631	-79,-82,-81
1758467745.517637000	228571f08ccf	546865794b6e6f77576865726549503f21	-76,-79,-79
1758467745.737417000	ab2bd85168fd	54656c69612d32472d413242423631	-25,-26,-30
1758467745.839723000	ab2bd85168fd	54656c69612d32472d413242423631	-26,-27,-31
1758467745.842703000	4ca30baada51	54656c69612d32472d413242423731	-60,-60,-70
1758467745.941784000	4ca30baada51	54656c69612d32472d413242423731	-60,-60,-70
1758467745.944750000	ab2bd85168fd	54656c69612d32472d413242423631	-25,-26,-30
1758467746.017789000	5b72acb11f0f	54656c69612d32472d413242383631	-80,-82,-83
1758467746.029617000	228571f08ccf	546865794b6e6f77576865726549503f21	-78,-82,-80
1758467746.044791000	ab2bd85168fd	54656c69612d32472d413242423631	-25,-26,-30
1758467746.047787000	4ca30baada51	54656c69612d32472d413242423731	-60,-60,-69
1758467746.147686000	4ca30baada51	54656c69612d32472d413242423731	-60,-60,-70
1758467746.150668000	ab2bd85168fd	54656c69612d32472d413242423631	-25,-26,-30
1758467746.222591000	5b72acb11f0f	54656c69612d32472d413242383631	-79,-81,-83
1758467746.249482000	ab2bd85168fd	54656c69612d32472d413242423631	-25,-26,-30
1758467746.252462000	4ca30baada51	54656c69612d32472d413242423731	-60,-60,-70
1758467746.308329000	77510e1a9cd7	54656c69612d32472d413242393531	-86,-90,-88
1758467746.352215000	ab2bd85168fd	54656c69612d32472d413242423631	-25,-26,-30
1758467746.355214000	4ca30baada51	54656c69612d32472d413242423731	-60,-60,-70
1758467746.454310000	ab2bd85168fd	54656c69612d32472d413242423631	-26,-27,-31
1758467746.541634000	228571f08ccf	546865794b6e6f77576865726549503f21	-79,-85,-80
1758467746.557101000	ab2bd85168fd	54656c69612d32472d413242423631	-25,-26,-30
1758467746.560082000	4ca30baada51	54656c69612d32472d413242423731	-61,-61,-71
1758467746.623149000	5b1e22e0ed11	5a617057616e	-82,-85,-84
1758467746.624457000	5b1e22e0ed11	<MISSING>	-84,-88,-86
1758467746.632247000	5b72acb11f0f	54656c69612d32472d413242383631	-80,-83,-82
1758467746.659149000	ab2bd85168fd	54656c69612d32472d413242423631	-25,-26,-30
1758467746.734635000	5b72acb11f0f	54656c69612d32472d413242383631	-80,-82,-83
1758467746.836829000	5b72acb11f0f	54656c69612d32472d413242383631	-79,-82,-82
1758467746.844452000	771ae4b8d94f	54656c69612d32472d413242393031	-82,-83,-86
1758467746.848859000	228571f08ccf	546865794b6e6f77576865726549503f21	-79,-86,-80
1758467746.947288000	771ae4b8d94f	54656c69612d32472d413242393031	-81,-82,-86
1758467746.954378000	228571f08ccf	546865794b6e6f77576865726549503f21	-79,-85,-80
1758467746.966162000	ab2bd85168fd	54656c69612d32472d413242423631	-25,-26,-30
1758467747.041815000	5b72acb11f0f	54656c69612d32472d413242383631	-80,-82,-83
1758467747.068714000	ab2bd85168fd	54656c69612d32472d413242423631	-25,-26,-30
1758467747.071769000	4ca30baada51	54656c69612d32472d413242423731	-61,-61,-71
1758467747.154345000	771ae4b8d94f	54656c69612d32472d413242393031	-82,-83,-87
1758467747.157661000	228571f08ccf	546865794b6e6f77576865726549503f21	-79,-83,-80
1758467747.171218000	ab2bd85168fd	54656c69612d32472d413242423631	-25,-26,-30
1758467747.174218000	4ca30baada51	54656c69612d32472d413242423731	-62,-62,-71
1758467747.246637000	5b72acb11f0f	54656c69612d32472d413242383631	-79,-81,-83
1758467747.273504000	4ca30baada51	54656c69612d32472d413242423731	-61,-61,-71
1758467747.276575000	ab2bd85168fd	54656c69612d32472d413242423631	-25,-26,-30
1758467747.375755000	ab2bd85168fd	54656c69612d32472d413242423631	-25,-26,-30
1758467747.463239000	228571f08ccf	546865794b6e6f77576865726549503f21	-80,-86,-81
1758467747.580700000	ab2bd85168fd	54656c69612d32472d413242423631	-25,-26,-30
1758467747.584426000	4ca30baada51	54656c69612d32472d413242423731	-61,-61,-71
1758467747.686922000	4ca30baada51	54656c69612d32472d413242423731	-61,-61,-70
1758467747.757623000	5b72acb11f0f	54656c69612d32472d413242383631	-79,-82,-82
1758467747.786186000	ab2bd85168fd	54656c69612d32472d413242423631	-25,-26,-30
1758467747.789414000	4ca30baada51	54656c69612d32472d413242423731	-60,-60,-69
1758467747.860578000	5b72acb11f0f	54656c69612d32472d413242383631	-67,-73,-68
1758467747.887896000	4ca30baada51	54656c69612d32472d413242423731	-60,-60,-69
1758467747.891138000	ab2bd85168fd	54656c69612d32472d413242423631	-25,-26,-30
1758467747.961208000	5b72acb11f0f	54656c69612d32472d413242383631	-77,-78,-83
1758467747.990985000	ab2bd85168fd	54656c69612d32472d413242423631	-25,-26,-30
1758467748.195123000	ab2bd85168fd	54656c69612d32472d413242423631	-25,-26,-30
1758467748.198126000	4ca30baada51	54656c69612d32472d413242423731	-61,-61,-69
1758467748.267650000	b0482c5b4824	536f667573203247	-80,-84,-81
1758467748.270648000	5b72acb11f0f	54656c69612d32472d413242383631	-79,-81,-82
1758467748.297038000	4ca30baada51	54656c69612d32472d413242423731	-60,-60,-71
1758467748.300046000	ab2bd85168fd	54656c69612d32472d413242423631	-25,-26,-30
1758467748.356123000	77510e1a9cd7	54656c69612d32472d413242393531	-87,-94,-87
1758467748.373199000	5b72acb11f0f	54656c69612d32472d413242383631	-80,-82,-83
1758467748.383135000	771ae4b8d94f	54656c69612d32472d413242393031	-79,-80,-85
1758467748.487253000	228571f08ccf	546865794b6e6f77576865726549503f21	-78,-84,-79
1758467748.502800000	ab2bd85168fd	54656c69612d32472d413242423631	-25,-26,-30
1758467748.505910000	4ca30baada51	54656c69612d32472d413242423731	-60,-60,-70
1758467748.589668000	228571f08ccf	546865794b6e6f77576865726549503f21	-79,-85,-80
1758467748.604557000	ab2bd85168fd	54656c69612d32472d413242423631	-25,-26,-30
1758467748.607583000	4ca30baada51	54656c69612d32472d413242423731	-61,-61,-69
1758467748.679351000	5b72acb11f0f	54656c69612d32472d413242383631	-78,-81,-80
1758467748.692059000	228571f08ccf	546865794b6e6f77576865726549503f21	-80,-85,-81
1758467748.707194000	ab2bd85168fd	54656c69612d32472d413242423631	-25,-26,-30
1758467748.782647000	5b72acb11f0f	54656c69612d32472d413242383631	-79,-82,-82
1758467748.816233000	ab2bd85168fd	54656c69612d32472d413242423631	-25,-26,-30
1758467749.014440000	ab2bd85168fd	54656c69612d32472d413242423631	-25,-26,-30
1758467749.017435000	4ca30baada51	54656c69612d32472d413242423731	-61,-61,-71
1758467749.089473000	5b72acb11f0f	54656c69612d32472d413242383631	-79,-82,-82
1758467749.116342000	4ca30baada51	54656c69612d32472d413242423731	-60,-60,-69
1758467749.119322000	ab2bd85168fd	54656c69612d32472d413242423631	-25,-26,-31
1758467749.121038000	17000acdf3ee	5a617057616e	-84,-88,-86
1758467749.133594000	17000acdf3ee	<MISSING>	-84,-89,-85
1758467749.204080000	228571f08ccf	546865794b6e6f77576865726549503f21	-80,-85,-81
1758467749.219024000	ab2bd85168fd	54656c69612d32472d413242423631	-25,-26,-30
1758467749.222006000	4ca30baada51	54656c69612d32472d413242423731	-60,-60,-68
1758467749.293626000	5b72acb11f0f	54656c69612d32472d413242383631	-79,-80,-83
1758467749.321384000	ab2bd85168fd	54656c69612d32472d413242423631	-25,-26,-30
1758467749.324625000	4ca30baada51	54656c69612d32472d413242423731	-60,-60,-70
1758467749.424372000	ab2bd85168fd	54656c69612d32472d413242423631	-25,-26,-30
1758467749.427361000	4ca30baada51	54656c69612d32472d413242423731	-61,-61,-70
1758467749.497591000	5b72acb11f0f	54656c69612d32472d413242383631	-79,-82,-81
1758467749.511287000	228571f08ccf	546865794b6e6f77576865726549503f21	-79,-84,-80
1758467749.525518000	4ca30baada51	54656c69612d32472d413242423731	-61,-61,-68
1758467749.528508000	ab2bd85168fd	54656c69612d32472d413242423631	-61,-61,-70
1758467749.602067000	5b72acb11f0f	54656c69612d32472d413242383631	-80,-82,-83
1758467749.628783000	ab2bd85168fd	54656c69612d32472d413242423631	-25,-26,-30
1758467749.631780000	4ca30baada51	54656c69612d32472d413242423731	-61,-61,-70
1758467749.716069000	228571f08ccf	546865794b6e6f77576865726549503f21	-77,-80,-79
1758467749.731179000	ab2bd85168fd	54656c69612d32472d413242423631	-25,-26,-30
1758467749.734397000	4ca30baada51	54656c69612d32472d413242423731	-61,-62,-65
1758467749.814070000	771ae4b8d94f	54656c69612d32472d413242393031	-81,-83,-85
1758467749.818480000	228571f08ccf	546865794b6e6f77576865726549503f21	-79,-84,-80
1758467749.832767000	4ca30baada51	54656c69612d32472d413242423731	-61,-61,-69
1758467749.835765000	ab2bd85168fd	54656c69612d32472d413242423631	-25,-26,-30
1758467749.892169000	77510e1a9cd7	54656c69612d32472d413242393531	-86,-93,-87
1758467749.935829000	ab2bd85168fd	54656c69612d32472d413242423631	-25,-26,-30
1758467749.938810000	4ca30baada51	54656c69612d32472d413242423731	-60,-60,-70
1758467750.018874000	771ae4b8d94f	54656c69612d32472d413242393031	-83,-84,-87
1758467750.023293000	228571f08ccf	546865794b6e6f77576865726549503f21	-77,-83,-78
1758467750.039007000	ab2bd85168fd	54656c69612d32472d413242423631	-25,-26,-30
1758467750.042236000	4ca30baada51	54656c69612d32472d413242423731	-61,-61,-70
1758467750.112935000	5b72acb11f0f	54656c69612d32472d413242383631	-79,-81,-82
1758467750.140599000	ab2bd85168fd	54656c69612d32472d413242423631	-25,-26,-30
1758467750.144246000	4ca30baada51	54656c69612d32472d413242423731	-60,-60,-70
1758467750.215701000	5b72acb11f0f	54656c69612d32472d413242383631	-66,-66,-74
1758467750.243105000	ab2bd85168fd	54656c69612d32472d413242423631	-25,-26,-30
1758467750.246653000	4ca30baada51	54656c69612d32472d413242423731	-61,-61,-69
1758467750.344877000	4ca30baada51	54656c69612d32472d413242423731	-61,-61,-70
1758467750.347852000	ab2bd85168fd	54656c69612d32472d413242423631	-25,-26,-30
1758467750.418756000	5b72acb11f0f	54656c69612d32472d413242383631	-79,-82,-81
1758467750.432910000	228571f08ccf	546865794b6e6f77576865726549503f21	-79,-84,-80
1758467750.447884000	ab2bd85168fd	54656c69612d32472d413242423631	-25,-26,-30
1758467750.451266000	4ca30baada51	54656c69612d32472d413242423731	-61,-61,-71
1758467750.533595000	771ae4b8d94f	54656c69612d32472d413242393031	-82,-83,-86
1758467750.550263000	ab2bd85168fd	54656c69612d32472d413242423631	-25,-26,-31
1758467750.553230000	4ca30baada51	54656c69612d32472d413242423731	-58,-59,-65
1758467750.652073000	4ca30baada51	54656c69612d32472d413242423731	-60,-60,-69
1758467750.655187000	ab2bd85168fd	54656c69612d32472d413242423631	-25,-26,-30
1758467750.675778000	fff540089a0e	<MISSING>	-67,-75,-67
1758467750.725967000	5b72acb11f0f	54656c69612d32472d413242383631	-78,-82,-80
1758467750.754629000	4ca30baada51	54656c69612d32472d413242423731	-60,-60,-68
1758467750.757616000	ab2bd85168fd	54656c69612d32472d413242423631	-25,-26,-30
1758467750.830616000	5b72acb11f0f	54656c69612d32472d413242383631	-77,-81,-79
1758467750.856968000	4ca30baada51	54656c69612d32472d413242423731	-60,-60,-69
1758467750.860282000	ab2bd85168fd	54656c69612d32472d413242423631	-25,-26,-30
1758467750.960113000	4ca30baada51	54656c69612d32472d413242423731	-60,-60,-68
1758467750.963694000	ab2bd85168fd	54656c69612d32472d413242423631	-25,-26,-31
1758467751.033120000	5b72acb11f0f	54656c69612d32472d413242383631	-79,-82,-81
1758467751.062763000	ab2bd85168fd	54656c69612d32472d413242423631	-25,-26,-31
1758467751.065765000	4ca30baada51	54656c69612d32472d413242423731	-61,-61,-69
1758467751.247699000	771ae4b8d94f	54656c69612d32472d413242393031	-82,-83,-86
1758467751.255395000	228571f08ccf	546865794b6e6f77576865726549503f21	-81,-86,-82
1758467751.267173000	4ca30baada51	54656c69612d32472d413242423731	-61,-61,-70
1758467751.270141000	ab2bd85168fd	54656c69612d32472d413242423631	-26,-27,-31
1758467751.369391000	ab2bd85168fd	54656c69612d32472d413242423631	-25,-26,-31
1758467751.471953000	ab2bd85168fd	54656c69612d32472d413242423631	-25,-26,-31
1758467751.475095000	4ca30baada51	54656c69612d32472d413242423731	-61,-61,-71
1758467751.575032000	4ca30baada51	54656c69612d32472d413242423731	-60,-60,-73
1758467751.578024000	ab2bd85168fd	54656c69612d32472d413242423631	-25,-26,-31
1758467751.676758000	4ca30baada51	54656c69612d32472d413242423731	-60,-60,-74
1758467751.779334000	ab2bd85168fd	54656c69612d32472d413242423631	-26,-27,-31
1758467751.783029000	4ca30baada51	54656c69612d32472d413242423731	-60,-60,-77
1758467751.881485000	ab2bd85168fd	54656c69612d32472d413242423631	-26,-27,-30
1758467751.884716000	4ca30baada51	54656c69612d32472d413242423731	-61,-61,-79
1758467751.987724000	ab2bd85168fd	54656c69612d32472d413242423631	-26,-27,-31
1758467752.069603000	771ae4b8d94f	54656c69612d32472d413242393031	-82,-84,-85
1758467752.087047000	ab2bd85168fd	54656c69612d32472d413242423631	-25,-26,-30
1758467752.160599000	5b72acb11f0f	54656c69612d32472d413242383631	-79,-81,-83
1758467752.173698000	228571f08ccf	546865794b6e6f77576865726549503f21	-78,-84,-79
1758467752.192792000	4ca30baada51	54656c69612d32472d413242423731	-60,-60,-78
1758467752.294601000	4ca30baada51	54656c69612d32472d413242423731	-59,-59,-71
1758467752.393679000	ab2bd85168fd	54656c69612d32472d413242423631	-25,-26,-29
1758467752.396795000	4ca30baada51	54656c69612d32472d413242423731	-60,-60,-75
1758467752.467664000	5b72acb11f0f	54656c69612d32472d413242383631	-79,-82,-82
1758467752.476672000	771ae4b8d94f	54656c69612d32472d413242393031	-81,-84,-83
1758467752.480896000	228571f08ccf	546865794b6e6f77576865726549503f21	-79,-84,-80
1758467752.496132000	ab2bd85168fd	54656c69612d32472d413242423631	-24,-25,-28
1758467752.602038000	4ca30baada51	54656c69612d32472d413242423731	-59,-59,-76
1758467752.647369000	5b1e22e0ed11	5a617057616e	-82,-84,-85
1758467752.648697000	5b1e22e0ed11	<MISSING>	-87,-90,-89
1758467752.685694000	228571f08ccf	546865794b6e6f77576865726549503f21	-78,-84,-79
1758467752.700994000	ab2bd85168fd	54656c69612d32472d413242423631	-24,-26,-28
1758467752.703976000	4ca30baada51	54656c69612d32472d413242423731	-60,-60,-78
1758467752.750762000	d286a7d9569f	4765742d444343374131	-85,-87,-88
1758467752.753593000	d286a7d9569f	57616e67656e	-82,-83,-87
1758467752.794955000	d286a7d9569f	4765742d444343374131	-84,-86,-87
1758467752.796184000	d286a7d9569f	57616e67656e	-85,-86,-89
1758467752.803249000	ab2bd85168fd	54656c69612d32472d413242423631	-25,-26,-29
1758467752.806728000	4ca30baada51	54656c69612d32472d413242423731	-60,-60,-71
1758467752.878952000	5b72acb11f0f	54656c69612d32472d413242383631	-80,-82,-83
1758467752.888930000	771ae4b8d94f	54656c69612d32472d413242393031	-81,-84,-84
1758467752.907577000	ab2bd85168fd	54656c69612d32472d413242423631	-24,-26,-28
1758467752.979572000	5b72acb11f0f	54656c69612d32472d413242383631	-79,-82,-82
1758467753.186059000	5b72acb11f0f	54656c69612d32472d413242383631	-81,-83,-84
1758467753.212854000	ab2bd85168fd	54656c69612d32472d413242423631	-24,-25,-29
1758467753.215836000	4ca30baada51	54656c69612d32472d413242423731	-59,-59,-70
1758467753.298451000	771ae4b8d94f	54656c69612d32472d413242393031	-82,-85,-85
1758467753.316025000	ab2bd85168fd	54656c69612d32472d413242423631	-25,-26,-29
1758467753.402538000	228571f08ccf	546865794b6e6f77576865726549503f21	-73,-76,-75
1758467753.417655000	ab2bd85168fd	54656c69612d32472d413242423631	-25,-26,-29
1758467753.420821000	4ca30baada51	54656c69612d32472d413242423731	-60,-60,-77
1758467753.519913000	ab2bd85168fd	54656c69612d32472d413242423631	-25,-26,-29
1758467753.622579000	ab2bd85168fd	54656c69612d32472d413242423631	-25,-26,-29
1758467753.626141000	4ca30baada51	54656c69612d32472d413242423731	-61,-61,-77
1758467753.724250000	4ca30baada51	54656c69612d32472d413242423731	-60,-60,-77
1758467753.727239000	ab2bd85168fd	54656c69612d32472d413242423631	-25,-27,-29
1758467753.812743000	228571f08ccf	546865794b6e6f77576865726549503f21	-78,-84,-79
1758467753.827878000	ab2bd85168fd	54656c69612d32472d413242423631	-25,-26,-29
1758467753.930059000	ab2bd85168fd	54656c69612d32472d413242423631	-25,-26,-29
1758467753.933056000	4ca30baada51	54656c69612d32472d413242423731	-60,-60,-77
1758467754.020095000	228571f08ccf	546865794b6e6f77576865726549503f21	-79,-86,-80
1758467754.032210000	ab2bd85168fd	54656c69612d32472d413242423631	-25,-26,-29
1758467754.035197000	4ca30baada51	54656c69612d32472d413242423731	-60,-60,-74
1758467754.105667000	5b72acb11f0f	54656c69612d32472d413242383631	-78,-80,-81
1758467754.134443000	ab2bd85168fd	54656c69612d32472d413242423631	-25,-26,-29
1758467754.137671000	4ca30baada51	54656c69612d32472d413242423731	-60,-60,-73
1758467754.207511000	5b72acb11f0f	54656c69612d32472d413242383631	-73,-76,-76
1758467754.236737000	ab2bd85168fd	54656c69612d32472d413242423631	-25,-26,-29
1758467754.309881000	5b72acb11f0f	54656c69612d32472d413242383631	-81,-83,-85
1758467754.319779000	771ae4b8d94f	54656c69612d32472d413242393031	-83,-86,-85
1758467754.339127000	ab2bd85168fd	54656c69612d32472d413242423631	-25,-26,-29
1758467754.342366000	4ca30baada51	54656c69612d32472d413242423731	-59,-59,-66
1758467754.414248000	5b72acb11f0f	54656c69612d32472d413242383631	-79,-81,-83
1758467754.441671000	4ca30baada51	54656c69612d32472d413242423731	-59,-59,-76
1758467754.444663000	ab2bd85168fd	54656c69612d32472d413242423631	-25,-26,-29
1758467754.544416000	ab2bd85168fd	54656c69612d32472d413242423631	-25,-26,-29
1758467754.547397000	4ca30baada51	54656c69612d32472d413242423731	-60,-60,-74
1758467754.619503000	5b72acb11f0f	54656c69612d32472d413242383631	-79,-80,-84
1758467754.646303000	ab2bd85168fd	54656c69612d32472d413242423631	-24,-26,-28
1758467754.649382000	4ca30baada51	54656c69612d32472d413242423731	-59,-59,-77
1758467754.850807000	4ca30baada51	54656c69612d32472d413242423731	-59,-59,-77
1758467754.853788000	ab2bd85168fd	54656c69612d32472d413242423631	-25,-26,-29
1758467754.954059000	4ca30baada51	54656c69612d32472d413242423731	-60,-60,-79
1758467754.957057000	ab2bd85168fd	54656c69612d32472d413242423631	-25,-26,-29
1758467755.029082000	5b72acb11f0f	54656c69612d32472d413242383631	-81,-83,-84
1758467755.055883000	4ca30baada51	54656c69612d32472d413242423731	-60,-60,-76
1758467755.058861000	ab2bd85168fd	54656c69612d32472d413242423631	-24,-26,-28
1758467755.157619000	4ca30baada51	54656c69612d32472d413242423731	-59,-59,-72
1758467755.160593000	ab2bd85168fd	54656c69612d32472d413242423631	-25,-27,-29
1758467755.363880000	ab2bd85168fd	54656c69612d32472d413242423631	-25,-26,-29
1758467755.367103000	4ca30baada51	54656c69612d32472d413242423731	-60,-60,-72
1758467755.438733000	5b72acb11f0f	54656c69612d32472d413242383631	-81,-82,-85
1758467755.466774000	ab2bd85168fd	54656c69612d32472d413242423631	-25,-27,-28
1758467755.568012000	ab2bd85168fd	54656c69612d32472d413242423631	-24,-26,-28
1758467755.571012000	4ca30baada51	54656c69612d32472d413242423731	-60,-60,-74
1758467755.655339000	228571f08ccf	546865794b6e6f77576865726549503f21	-67,-80,-67
1758467755.669557000	4ca30baada51	54656c69612d32472d413242423731	-60,-60,-75
1758467755.745676000	5b72acb11f0f	54656c69612d32472d413242383631	-78,-80,-81
1758467755.772799000	ab2bd85168fd	54656c69612d32472d413242423631	-24,-26,-28
1758467755.775814000	4ca30baada51	54656c69612d32472d413242423731	-63,-63,-75
1758467755.875079000	ab2bd85168fd	54656c69612d32472d413242423631	-24,-26,-28
1758467755.977660000	ab2bd85168fd	54656c69612d32472d413242423631	-25,-27,-29
1758467755.980671000	4ca30baada51	54656c69612d32472d413242423731	-59,-59,-75
1758467756.079846000	ab2bd85168fd	54656c69612d32472d413242423631	-25,-27,-29
1758467756.082850000	4ca30baada51	54656c69612d32472d413242423731	-60,-60,-74
1758467756.153606000	5b72acb11f0f	54656c69612d32472d413242383631	-80,-82,-84
1758467756.182592000	ab2bd85168fd	54656c69612d32472d413242423631	-25,-26,-29
1758467756.185573000	4ca30baada51	54656c69612d32472d413242423731	-60,-60,-72
1758467756.285505000	ab2bd85168fd	54656c69612d32472d413242423631	-25,-27,-29
1758467756.289393000	4ca30baada51	54656c69612d32472d413242423731	-60,-60,-72
1758467756.488864000	4ca30baada51	54656c69612d32472d413242423731	-60,-60,-71
1758467756.491856000	ab2bd85168fd	54656c69612d32472d413242423631	-24,-27,-26
1758467756.591941000	ab2bd85168fd	54656c69612d32472d413242423631	-25,-27,-29
1758467756.594938000	4ca30baada51	54656c69612d32472d413242423731	-61,-61,-73
1758467756.695106000	ab2bd85168fd	54656c69612d32472d413242423631	-25,-26,-29
1758467756.770033000	5b72acb11f0f	54656c69612d32472d413242383631	-81,-82,-85
1758467756.781750000	228571f08ccf	546865794b6e6f77576865726549503f21	-79,-86,-80
1758467756.796670000	ab2bd85168fd	54656c69612d32472d413242423631	-25,-26,-29
1758467756.799679000	4ca30baada51	54656c69612d32472d413242423731	-60,-60,-74
1758467756.972467000	5b72acb11f0f	54656c69612d32472d413242383631	-79,-81,-82
1758467757.001459000	ab2bd85168fd	54656c69612d32472d413242423631	-25,-26,-29
1758467757.005004000	4ca30baada51	54656c69612d32472d413242423731	-60,-60,-75
1758467757.177750000	5b72acb11f0f	54656c69612d32472d413242383631	-80,-82,-83
1758467757.308377000	4ca30baada51	54656c69612d32472d413242423731	-59,-59,-68
1758467757.384323000	5b72acb11f0f	54656c69612d32472d413242383631	-81,-83,-85
1758467757.396159000	228571f08ccf	546865794b6e6f77576865726549503f21	-80,-85,-81
1758467757.411304000	ab2bd85168fd	54656c69612d32472d413242423631	-25,-27,-29
1758467757.414312000	4ca30baada51	54656c69612d32472d413242423731	-59,-59,-68
1758467757.484436000	5b72acb11f0f	54656c69612d32472d413242383631	-79,-81,-83
1758467757.513832000	ab2bd85168fd	54656c69612d32472d413242423631	-25,-26,-29
1758467757.589401000	5b72acb11f0f	54656c69612d32472d413242383631	-81,-82,-85
1758467757.616136000	ab2bd85168fd	54656c69612d32472d413242423631	-25,-26,-29
1758467757.619123000	4ca30baada51	54656c69612d32472d413242423731	-60,-60,-71
1758467757.718595000	ab2bd85168fd	54656c69612d32472d413242423631	-25,-26,-30
1758467757.721574000	4ca30baada51	54656c69612d32472d413242423731	-60,-60,-70
1758467757.805795000	228571f08ccf	546865794b6e6f77576865726549503f21	-78,-82,-79
1758467757.820683000	ab2bd85168fd	54656c69612d32472d413242423631	-25,-26,-30
1758467757.823662000	4ca30baada51	54656c69612d32472d413242423731	-60,-60,-71
1758467757.906467000	771ae4b8d94f	54656c69612d32472d413242393031	-73,-77,-75
1758467757.923289000	ab2bd85168fd	54656c69612d32472d413242423631	-25,-26,-30
1758467757.926267000	4ca30baada51	54656c69612d32472d413242423731	-58,-58,-66
1758467757.996967000	5b72acb11f0f	54656c69612d32472d413242383631	-79,-81,-83
1758467758.025490000	ab2bd85168fd	54656c69612d32472d413242423631	-25,-26,-29
1758467758.028510000	4ca30baada51	54656c69612d32472d413242423731	-59,-59,-72
1758467758.099452000	5b72acb11f0f	54656c69612d32472d413242383631	-78,-80,-81
1758467758.112966000	228571f08ccf	546865794b6e6f77576865726549503f21	-79,-84,-80
1758467758.127900000	ab2bd85168fd	54656c69612d32472d413242423631	-25,-26,-29
1758467758.130909000	4ca30baada51	54656c69612d32472d413242423731	-60,-60,-72
1758467758.234121000	4ca30baada51	54656c69612d32472d413242423731	-60,-60,-72
1758467758.304433000	5b72acb11f0f	54656c69612d32472d413242383631	-78,-80,-81
1758467758.316090000	771ae4b8d94f	54656c69612d32472d413242393031	-81,-84,-84
1758467758.332792000	ab2bd85168fd	54656c69612d32472d413242423631	-25,-26,-29
1758467758.335786000	4ca30baada51	54656c69612d32472d413242423731	-60,-60,-71
1758467758.408405000	5b72acb11f0f	54656c69612d32472d413242383631	-80,-83,-83
1758467758.434802000	4ca30baada51	54656c69612d32472d413242423731	-60,-60,-72
1758467758.437785000	ab2bd85168fd	54656c69612d32472d413242423631	-25,-26,-29
1758467758.509437000	5b72acb11f0f	54656c69612d32472d413242383631	-77,-81,-79
1758467758.537568000	ab2bd85168fd	54656c69612d32472d413242423631	-25,-26,-29
1758467758.540587000	4ca30baada51	54656c69612d32472d413242423731	-60,-60,-72
1758467758.639416000	4ca30baada51	54656c69612d32472d413242423731	-60,-60,-72
1758467758.642417000	ab2bd85168fd	54656c69612d32472d413242423631	-25,-26,-29
1758467758.681913000	5b1e22e0ed11	<MISSING>	-74,-76,-78
1758467758.844836000	ab2bd85168fd	54656c69612d32472d413242423631	-25,-26,-29
1758467758.847844000	4ca30baada51	54656c69612d32472d413242423731	-60,-60,-71
1758467759.023146000	5b72acb11f0f	54656c69612d32472d413242383631	-80,-82,-83
1758467759.030203000	771ae4b8d94f	54656c69612d32472d413242393031	-82,-83,-86
1758467759.048952000	4ca30baada51	54656c69612d32472d413242423731	-60,-60,-71
1758467759.052041000	ab2bd85168fd	54656c69612d32472d413242423631	-25,-26,-29
1758467759.151944000	ab2bd85168fd	54656c69612d32472d413242423631	-25,-26,-29
1758467759.254426000	ab2bd85168fd	54656c69612d32472d413242423631	-25,-26,-29
1758467759.257416000	4ca30baada51	54656c69612d32472d413242423731	-60,-60,-71
1758467759.341802000	228571f08ccf	546865794b6e6f77576865726549503f21	-79,-85,-80
1758467759.356703000	ab2bd85168fd	54656c69612d32472d413242423631	-25,-26,-29
1758467759.462423000	ab2bd85168fd	54656c69612d32472d413242423631	-25,-26,-29
1758467759.533215000	5b72acb11f0f	54656c69612d32472d413242383631	-77,-80,-79
1758467759.562360000	4ca30baada51	54656c69612d32472d413242423731	-60,-60,-71
1758467759.565354000	ab2bd85168fd	54656c69612d32472d413242423631	-25,-26,-29
1758467759.663258000	4ca30baada51	54656c69612d32472d413242423731	-60,-60,-71
1758467759.666259000	ab2bd85168fd	54656c69612d32472d413242423631	-25,-26,-29
1758467759.749689000	771ae4b8d94f	54656c69612d32472d413242393031	-81,-82,-85
1758467759.868305000	4ca30baada51	54656c69612d32472d413242423731	-60,-60,-70
1758467759.871313000	ab2bd85168fd	54656c69612d32472d413242423631	-25,-26,-30
1758467759.971194000	ab2bd85168fd	54656c69612d32472d413242423631	-25,-26,-29
1758467759.974173000	4ca30baada51	54656c69612d32472d413242423731	-60,-60,-70
1758467760.074396000	4ca30baada51	54656c69612d32472d413242423731	-61,-61,-70
1758467760.077391000	ab2bd85168fd	54656c69612d32472d413242423631	-25,-26,-29
1758467760.149154000	5b72acb11f0f	54656c69612d32472d413242383631	-80,-81,-84
1758467760.175943000	ab2bd85168fd	54656c69612d32472d413242423631	-25,-26,-29
1758467760.178932000	4ca30baada51	54656c69612d32472d413242423731	-61,-61,-71
1758467760.278310000	ab2bd85168fd	54656c69612d32472d413242423631	-25,-26,-29
1758467760.281289000	4ca30baada51	54656c69612d32472d413242423731	-62,-62,-71
1758467760.381072000	ab2bd85168fd	54656c69612d32472d413242423631	-25,-26,-29
1758467760.384048000	4ca30baada51	54656c69612d32472d413242423731	-62,-62,-72
1758467760.456386000	5b72acb11f0f	54656c69612d32472d413242383631	-80,-82,-83
1758467760.486267000	4ca30baada51	54656c69612d32472d413242423731	-62,-62,-72
1758467760.556957000	5b72acb11f0f	54656c69612d32472d413242383631	-78,-81,-80
1758467760.585538000	ab2bd85168fd	54656c69612d32472d413242423631	-25,-26,-29
1758467760.588524000	4ca30baada51	54656c69612d32472d413242423731	-62,-62,-71
1758467760.687244000	4ca30baada51	54656c69612d32472d413242423731	-62,-62,-71
1758467760.690236000	ab2bd85168fd	54656c69612d32472d413242423631	-25,-26,-29
1758467760.763677000	5b72acb11f0f	54656c69612d32472d413242383631	-80,-83,-83
1758467760.773692000	771ae4b8d94f	54656c69612d32472d413242393031	-82,-85,-85
1758467760.790455000	4ca30baada51	54656c69612d32472d413242423731	-62,-62,-71
1758467760.793446000	ab2bd85168fd	54656c69612d32472d413242423631	-25,-26,-30
1758467760.892709000	4ca30baada51	54656c69612d32472d413242423731	-62,-62,-70
1758467760.895699000	ab2bd85168fd	54656c69612d32472d413242423631	-25,-26,-30
1758467760.967846000	5b72acb11f0f	54656c69612d32472d413242383631	-79,-82,-82
1758467760.994661000	4ca30baada51	54656c69612d32472d413242423731	-62,-62,-72
1758467760.997659000	ab2bd85168fd	54656c69612d32472d413242423631	-25,-26,-30
1758467761.157299000	17000acdf3ee	5a617057616e	-85,-88,-87
1758467761.163813000	17000acdf3ee	<MISSING>	-83,-90,-84
1758467761.285924000	771ae4b8d94f	54656c69612d32472d413242393031	-82,-84,-86
1758467761.303842000	ab2bd85168fd	54656c69612d32472d413242423631	-25,-26,-30
1758467761.377971000	5b72acb11f0f	54656c69612d32472d413242383631	-79,-81,-82
1758467761.404785000	ab2bd85168fd	54656c69612d32472d413242423631	-25,-26,-30
1758467761.407765000	4ca30baada51	54656c69612d32472d413242423731	-62,-62,-72
1758467761.511112000	4ca30baada51	54656c69612d32472d413242423731	-62,-62,-71
1758467761.582469000	5b72acb11f0f	54656c69612d32472d413242383631	-79,-81,-82
1758467761.594608000	228571f08ccf	546865794b6e6f77576865726549503f21	-77,-81,-79
1758467761.609522000	ab2bd85168fd	54656c69612d32472d413242423631	-25,-26,-30
1758467761.612506000	4ca30baada51	54656c69612d32472d413242423731	-62,-62,-71
1758467761.711905000	4ca30baada51	54656c69612d32472d413242423731	-62,-62,-72
1758467761.813884000	4ca30baada51	54656c69612d32472d413242423731	-62,-62,-71
1758467761.816872000	ab2bd85168fd	54656c69612d32472d413242423631	-25,-26,-30
1758467761.916207000	4ca30baada51	54656c69612d32472d413242423731	-62,-62,-71
1758467761.919205000	ab2bd85168fd	54656c69612d32472d413242423631	-25,-26,-30
1758467761.992350000	5b72acb11f0f	54656c69612d32472d413242383631	-80,-82,-83
1758467762.094774000	5b72acb11f0f	54656c69612d32472d413242383631	-80,-82,-83
1758467762.120870000	4ca30baada51	54656c69612d32472d413242423731	-62,-62,-71
1758467762.123861000	ab2bd85168fd	54656c69612d32472d413242423631	-24,-25,-30
1758467762.209034000	228571f08ccf	546865794b6e6f77576865726549503f21	-77,-82,-78
1758467762.226971000	4ca30baada51	54656c69612d32472d413242423731	-62,-62,-71
1758467762.297224000	5b72acb11f0f	54656c69612d32472d413242383631	-80,-83,-83
1758467762.326979000	ab2bd85168fd	54656c69612d32472d413242423631	-24,-25,-30
1758467762.329986000	4ca30baada51	54656c69612d32472d413242423731	-62,-62,-71
1758467762.399043000	b0482c5b4824	536f667573203247	-86,-91,-87
1758467762.412133000	771ae4b8d94f	54656c69612d32472d413242393031	-82,-85,-85
1758467762.428169000	4ca30baada51	54656c69612d32472d413242423731	-62,-62,-71
1758467762.431160000	ab2bd85168fd	54656c69612d32472d413242423631	-25,-26,-30
1758467762.504375000	5b72acb11f0f	54656c69612d32472d413242383631	-80,-82,-84
1758467762.514508000	771ae4b8d94f	54656c69612d32472d413242393031	-82,-83,-86
1758467762.531187000	ab2bd85168fd	54656c69612d32472d413242423631	-25,-26,-30
1758467762.632884000	4ca30baada51	54656c69612d32472d413242423731	-62,-62,-71
1758467762.706994000	5b72acb11f0f	54656c69612d32472d413242383631	-78,-82,-79
1758467762.736326000	4ca30baada51	54656c69612d32472d413242423731	-62,-62,-71
1758467762.739308000	ab2bd85168fd	54656c69612d32472d413242423631	-25,-26,-30
1758467762.811592000	5b72acb11f0f	54656c69612d32472d413242383631	-79,-81,-83
1758467762.823443000	228571f08ccf	546865794b6e6f77576865726549503f21	-80,-85,-81
1758467762.838348000	ab2bd85168fd	54656c69612d32472d413242423631	-25,-26,-30
1758467762.841347000	4ca30baada51	54656c69612d32472d413242423731	-62,-62,-71
1758467762.940758000	ab2bd85168fd	54656c69612d32472d413242423631	-25,-26,-30
1758467762.943760000	4ca30baada51	54656c69612d32472d413242423731	-62,-62,-71
1758467763.044012000	ab2bd85168fd	54656c69612d32472d413242423631	-25,-26,-30
1758467763.128926000	771ae4b8d94f	54656c69612d32472d413242393031	-81,-83,-85
1758467763.145747000	ab2bd85168fd	54656c69612d32472d413242423631	-25,-26,-30
1758467763.148730000	4ca30baada51	54656c69612d32472d413242423731	-62,-62,-71
1758467763.231376000	771ae4b8d94f	54656c69612d32472d413242393031	-81,-83,-85
1758467763.248057000	ab2bd85168fd	54656c69612d32472d413242423631	-25,-26,-30
1758467763.251056000	4ca30baada51	54656c69612d32472d413242423731	-62,-62,-71
1758467763.350440000	ab2bd85168fd	54656c69612d32472d413242423631	-25,-26,-30
1758467763.353444000	4ca30baada51	54656c69612d32472d413242423731	-62,-62,-71
1758467763.437989000	228571f08ccf	546865794b6e6f77576865726549503f21	-80,-86,-81
1758467763.452908000	ab2bd85168fd	54656c69612d32472d413242423631	-25,-26,-30
1758467763.455873000	4ca30baada51	54656c69612d32472d413242423731	-62,-62,-71
1758467763.538730000	771ae4b8d94f	54656c69612d32472d413242393031	-81,-82,-86
1758467763.629019000	5b72acb11f0f	54656c69612d32472d413242383631	-79,-82,-82
1758467763.639645000	771ae4b8d94f	54656c69612d32472d413242393031	-82,-83,-86
1758467763.642665000	228571f08ccf	546865794b6e6f77576865726549503f21	-80,-86,-81
1758467763.658062000	4ca30baada51	54656c69612d32472d413242423731	-62,-62,-71
1758467763.661063000	ab2bd85168fd	54656c69612d32472d413242423631	-25,-26,-30
1758467763.740683000	771ae4b8d94f	54656c69612d32472d413242393031	-81,-84,-84
1758467763.745050000	228571f08ccf	546865794b6e6f77576865726549503f21	-80,-84,-81
1758467763.759307000	4ca30baada51	54656c69612d32472d413242423731	-62,-62,-71
1758467763.762296000	ab2bd85168fd	54656c69612d32472d413242423631	-25,-26,-30
1758467763.847456000	228571f08ccf	546865794b6e6f77576865726549503f21	-79,-84,-80
1758467763.862405000	4ca30baada51	54656c69612d32472d413242423731	-61,-61,-71
1758467763.865395000	ab2bd85168fd	54656c69612d32472d413242423631	-25,-26,-30
1758467763.965567000	ab2bd85168fd	54656c69612d32472d413242423631	-25,-26,-30
1758467763.968811000	4ca30baada51	54656c69612d32472d413242423731	-62,-63,-68
1758467764.067189000	ab2bd85168fd	54656c69612d32472d413242423631	-25,-26,-30
1758467764.070187000	4ca30baada51	54656c69612d32472d413242423731	-62,-62,-71
1758467764.169580000	ab2bd85168fd	54656c69612d32472d413242423631	-25,-26,-30
1758467764.172595000	4ca30baada51	54656c69612d32472d413242423731	-61,-61,-71
1758467764.257072000	228571f08ccf	546865794b6e6f77576865726549503f21	-77,-81,-78
1758467764.271649000	4ca30baada51	54656c69612d32472d413242423731	-61,-61,-71
1758467764.274655000	ab2bd85168fd	54656c69612d32472d413242423631	-25,-26,-29
1758467764.374521000	ab2bd85168fd	54656c69612d32472d413242423631	-25,-26,-29
1758467764.377497000	4ca30baada51	54656c69612d32472d413242423731	-61,-61,-70
1758467764.449984000	5b72acb11f0f	54656c69612d32472d413242383631	-80,-82,-83
1758467764.458262000	771ae4b8d94f	54656c69612d32472d413242393031	-81,-83,-84
1758467764.477020000	ab2bd85168fd	54656c69612d32472d413242423631	-25,-26,-29
1758467764.480018000	4ca30baada51	54656c69612d32472d413242423731	-61,-61,-70
1758467764.550229000	5b72acb11f0f	54656c69612d32472d413242383631	-78,-81,-80
1758467764.582214000	4ca30baada51	54656c69612d32472d413242423731	-61,-61,-70
1758467764.679213000	15218e00fa88	<MISSING>	-33,-33,-41
1758467764.682433000	ab2bd85168fd	54656c69612d32472d413242423631	-25,-26,-30
1758467764.704916000	5b1e22e0ed11	5a617057616e	-86,-88,-89
1758467764.713129000	5b1e22e0ed11	<MISSING>	-85,-89,-86
1758467764.748966000	5b1e22e0ed11	5a617057616e	-86,-89,-89
1758467764.754047000	5b1e22e0ed11	<MISSING>	-85,-89,-87
1758467764.783526000	4ca30baada51	54656c69612d32472d413242423731	-60,-60,-70
1758467764.786530000	ab2bd85168fd	54656c69612d32472d413242423631	-25,-26,-30
1758467764.887212000	ab2bd85168fd	54656c69612d32472d413242423631	-25,-26,-30
1758467764.890198000	4ca30baada51	54656c69612d32472d413242423731	-61,-61,-69
1758467764.991947000	4ca30baada51	54656c69612d32472d413242423731	-61,-61,-70
1758467765.063253000	5b72acb11f0f	54656c69612d32472d413242383631	-78,-82,-79
1758467765.091418000	ab2bd85168fd	54656c69612d32472d413242423631	-25,-26,-30
1758467765.164514000	5b72acb11f0f	54656c69612d32472d413242383631	-79,-81,-82
1758467765.174276000	771ae4b8d94f	54656c69612d32472d413242393031	-81,-82,-86
1758467765.179058000	228571f08ccf	546865794b6e6f77576865726549503f21	-78,-84,-79
1758467765.193000000	4ca30baada51	54656c69612d32472d413242423731	-60,-60,-70
1758467765.195993000	ab2bd85168fd	54656c69612d32472d413242423631	-25,-26,-30
1758467765.279378000	771ae4b8d94f	54656c69612d32472d413242393031	-81,-82,-86
1758467765.284786000	228571f08ccf	546865794b6e6f77576865726549503f21	-78,-86,-78
1758467765.296829000	ab2bd85168fd	54656c69612d32472d413242423631	-26,-27,-30
1758467765.299836000	4ca30baada51	54656c69612d32472d413242423731	-60,-60,-70
1758467765.398399000	ab2bd85168fd	54656c69612d32472d413242423631	-25,-26,-30
1758467765.401379000	4ca30baada51	54656c69612d32472d413242423731	-60,-60,-70
1758467765.472019000	5b72acb11f0f	54656c69612d32472d413242383631	-78,-81,-81
1758467765.576534000	5b72acb11f0f	54656c69612d32472d413242383631	-80,-82,-83
1758467765.583901000	771ae4b8d94f	54656c69612d32472d413242393031	-81,-83,-84
1758467765.588274000	228571f08ccf	546865794b6e6f77576865726549503f21	-79,-86,-80
1758467765.604183000	4ca30baada51	54656c69612d32472d413242423731	-60,-60,-70
1758467765.607172000	ab2bd85168fd	54656c69612d32472d413242423631	-25,-26,-30
1758467765.677021000	5b72acb11f0f	54656c69612d32472d413242383631	-77,-81,-79
1758467765.708804000	4ca30baada51	54656c69612d32472d413242423731	-59,-59,-70
1758467765.778207000	b0482c5b4824	536f667573203247	-86,-89,-88
1758467765.781207000	5b72acb11f0f	54656c69612d32472d413242383631	-80,-82,-83
1758467765.789551000	771ae4b8d94f	54656c69612d32472d413242393031	-81,-84,-84
1758467765.793077000	228571f08ccf	546865794b6e6f77576865726549503f21	-79,-85,-80
1758467765.911239000	ab2bd85168fd	54656c69612d32472d413242423631	-58,-58,-68
1758467765.986013000	5b72acb11f0f	54656c69612d32472d413242383631	-81,-83,-84
1758467765.993504000	771ae4b8d94f	54656c69612d32472d413242393031	-83,-85,-86
1758467765.997877000	228571f08ccf	546865794b6e6f77576865726549503f21	-78,-84,-79
1758467766.086055000	5b72acb11f0f	54656c69612d32472d413242383631	-78,-81,-81
1758467766.116069000	ab2bd85168fd	54656c69612d32472d413242423631	-25,-26,-31
1758467766.190817000	5b72acb11f0f	54656c69612d32472d413242383631	-80,-82,-83
1758467766.200983000	771ae4b8d94f	54656c69612d32472d413242393031	-83,-84,-88
1758467766.218134000	4ca30baada51	54656c69612d32472d413242423731	-60,-60,-71
1758467766.221115000	ab2bd85168fd	54656c69612d32472d413242423631	-25,-26,-31
1758467766.320113000	ab2bd85168fd	54656c69612d32472d413242423631	-25,-26,-30
1758467766.323089000	4ca30baada51	54656c69612d32472d413242423731	-60,-60,-72
1758467766.396691000	5b72acb11f0f	54656c69612d32472d413242383631	-80,-82,-84
1758467766.422491000	ab2bd85168fd	54656c69612d32472d413242423631	-25,-26,-30
1758467766.425481000	4ca30baada51	54656c69612d32472d413242423731	-61,-61,-73
1758467766.509893000	228571f08ccf	546865794b6e6f77576865726549503f21	-77,-83,-78
1758467766.525130000	ab2bd85168fd	54656c69612d32472d413242423631	-25,-26,-30
1758467766.528109000	4ca30baada51	54656c69612d32472d413242423731	-60,-60,-72
1758467766.627251000	ab2bd85168fd	54656c69612d32472d413242423631	-25,-26,-30
1758467766.630245000	4ca30baada51	54656c69612d32472d413242423731	-60,-60,-74
1758467766.733041000	4ca30baada51	54656c69612d32472d413242423731	-60,-60,-74
1758467766.805732000	5b72acb11f0f	54656c69612d32472d413242383631	-80,-82,-84
1758467766.817124000	228571f08ccf	546865794b6e6f77576865726549503f21	-69,-69,-76
1758467766.832036000	ab2bd85168fd	54656c69612d32472d413242423631	-26,-27,-30
1758467766.850488000	fff540089a0e	<MISSING>	-69,-69,-77
1758467766.873255000	fff540089a0e	<MISSING>	-67,-68,-72
1758467766.894851000	fff540089a0e	<MISSING>	-67,-68,-71
1758467766.923430000	228571f08ccf	546865794b6e6f77576865726549503f21	-80,-85,-81
1758467766.939920000	fff540089a0e	<MISSING>	-68,-70,-72
1758467767.010097000	5b72acb11f0f	54656c69612d32472d413242383631	-80,-83,-82
1758467767.036916000	ab2bd85168fd	54656c69612d32472d413242423631	-25,-26,-30
1758467767.039907000	4ca30baada51	54656c69612d32472d413242423731	-59,-59,-73
1758467767.124292000	228571f08ccf	546865794b6e6f77576865726549503f21	-79,-82,-82
1758467767.139008000	4ca30baada51	54656c69612d32472d413242423731	-60,-60,-72
1758467767.142009000	ab2bd85168fd	54656c69612d32472d413242423631	-25,-26,-30
1758467767.329099000	228571f08ccf	546865794b6e6f77576865726549503f21	-78,-82,-79
1758467767.347859000	4ca30baada51	54656c69612d32472d413242423731	-59,-59,-71
1758467767.419896000	5b72acb11f0f	54656c69612d32472d413242383631	-81,-82,-85
1758467767.446999000	4ca30baada51	54656c69612d32472d413242423731	-59,-59,-71
1758467767.535279000	228571f08ccf	546865794b6e6f77576865726549503f21	-80,-86,-81
1758467767.548938000	ab2bd85168fd	54656c69612d32472d413242423631	-25,-26,-29
1758467767.552565000	4ca30baada51	54656c69612d32472d413242423731	-59,-59,-71
1758467767.651268000	ab2bd85168fd	54656c69612d32472d413242423631	-25,-26,-30
1758467767.654400000	4ca30baada51	54656c69612d32472d413242423731	-59,-59,-72
1758467767.752967000	4ca30baada51	54656c69612d32472d413242423731	-60,-60,-72
1758467767.756414000	ab2bd85168fd	54656c69612d32472d413242423631	-25,-26,-29
1758467767.857254000	ab2bd85168fd	54656c69612d32472d413242423631	-26,-27,-30
1758467767.860813000	4ca30baada51	54656c69612d32472d413242423731	-60,-60,-72
1758467767.958516000	ab2bd85168fd	54656c69612d32472d413242423631	-25,-26,-30
1758467768.148346000	228571f08ccf	546865794b6e6f77576865726549503f21	-80,-85,-81
1758467768.163577000	ab2bd85168fd	54656c69612d32472d413242423631	-25,-26,-30
1758467768.166558000	4ca30baada51	54656c69612d32472d413242423731	-59,-59,-71
1758467768.237501000	5b72acb11f0f	54656c69612d32472d413242383631	-80,-84,-81
1758467768.250710000	228571f08ccf	546865794b6e6f77576865726549503f21	-81,-85,-83
1758467768.265694000	ab2bd85168fd	54656c69612d32472d413242423631	-26,-27,-30
1758467768.268683000	4ca30baada51	54656c69612d32472d413242423731	-59,-59,-70
1758467768.339124000	5b72acb11f0f	54656c69612d32472d413242383631	-81,-81,-88
1758467768.353111000	228571f08ccf	546865794b6e6f77576865726549503f21	-78,-82,-80
1758467768.470473000	ab2bd85168fd	54656c69612d32472d413242423631	-25,-26,-30
1758467768.473460000	4ca30baada51	54656c69612d32472d413242423731	-60,-60,-73
1758467768.546181000	5b72acb11f0f	54656c69612d32472d413242383631	-80,-81,-84
1758467768.553641000	771ae4b8d94f	54656c69612d32472d413242393031	-82,-84,-86
1758467768.572810000	ab2bd85168fd	54656c69612d32472d413242423631	-25,-26,-30
1758467768.575791000	4ca30baada51	54656c69612d32472d413242423731	-59,-59,-73
1758467768.646072000	5b72acb11f0f	54656c69612d32472d413242383631	-80,-81,-84
1758467768.675221000	ab2bd85168fd	54656c69612d32472d413242423631	-26,-27,-30
1758467768.750830000	5b72acb11f0f	54656c69612d32472d413242383631	-81,-83,-84
1758467768.777676000	ab2bd85168fd	54656c69612d32472d413242423631	-26,-27,-30
1758467768.780672000	4ca30baada51	54656c69612d32472d413242423731	-60,-60,-74
1758467768.880428000	ab2bd85168fd	54656c69612d32472d413242423631	-26,-27,-30
1758467768.883430000	4ca30baada51	54656c69612d32472d413242423731	-59,-59,-73
1758467768.953306000	5b72acb11f0f	54656c69612d32472d413242383631	-79,-82,-82
1758467768.982467000	4ca30baada51	54656c69612d32472d413242423731	-60,-60,-71
1758467769.057767000	5b72acb11f0f	54656c69612d32472d413242383631	-80,-83,-83
1758467769.065620000	771ae4b8d94f	54656c69612d32472d413242393031	-81,-82,-86
1758467769.069937000	228571f08ccf	546865794b6e6f77576865726549503f21	-81,-85,-83
1758467769.085321000	ab2bd85168fd	54656c69612d32472d413242423631	-26,-27,-30
1758467769.088371000	4ca30baada51	54656c69612d32472d413242423731	-60,-60,-70
1758467769.187320000	ab2bd85168fd	54656c69612d32472d413242423631	-26,-27,-31
1758467769.190317000	4ca30baada51	54656c69612d32472d413242423731	-60,-60,-71
1758467769.289355000	4ca30baada51	54656c69612d32472d413242423731	-61,-61,-71
1758467769.292334000	ab2bd85168fd	54656c69612d32472d413242423631	-27,-28,-31
1758467769.392668000	ab2bd85168fd	54656c69612d32472d413242423631	-26,-27,-31
1758467769.395667000	4ca30baada51	54656c69612d32472d413242423731	-60,-60,-71
1758467769.477833000	771ae4b8d94f	54656c69612d32472d413242393031	-83,-85,-86
1758467769.493960000	4ca30baada51	54656c69612d32472d413242423731	-61,-61,-71
1758467769.567714000	5b72acb11f0f	54656c69612d32472d413242383631	-80,-83,-82
1758467769.597091000	ab2bd85168fd	54656c69612d32472d413242423631	-25,-26,-31
1758467769.600071000	4ca30baada51	54656c69612d32472d413242423731	-61,-61,-71
1758467769.670185000	5b72acb11f0f	54656c69612d32472d413242383631	-79,-82,-82
1758467769.774850000	5b72acb11f0f	54656c69612d32472d413242383631	-81,-83,-84
1758467769.802065000	ab2bd85168fd	54656c69612d32472d413242423631	-26,-27,-30
1758467769.805063000	4ca30baada51	54656c69612d32472d413242423731	-60,-60,-70
1758467769.875181000	5b72acb11f0f	54656c69612d32472d413242383631	-78,-81,-81
1758467769.884887000	771ae4b8d94f	54656c69612d32472d413242393031	-81,-82,-85
1758467769.889139000	228571f08ccf	546865794b6e6f77576865726549503f21	-79,-83,-80
1758467769.904057000	ab2bd85168fd	54656c69612d32472d413242423631	-25,-26,-30
1758467769.907064000	4ca30baada51	54656c69612d32472d413242423731	-60,-60,-70
1758467769.987288000	771ae4b8d94f	54656c69612d32472d413242393031	-81,-83,-85
1758467770.006465000	ab2bd85168fd	54656c69612d32472d413242423631	-25,-26,-30
1758467770.009455000	4ca30baada51	54656c69612d32472d413242423731	-60,-60,-70
1758467770.108468000	4ca30baada51	54656c69612d32472d413242423731	-60,-60,-71
1758467770.182122000	5b72acb11f0f	54656c69612d32472d413242383631	-77,-83,-78
1758467770.210913000	4ca30baada51	54656c69612d32472d413242423731	-60,-60,-70
1758467770.214047000	ab2bd85168fd	54656c69612d32472d413242423631	-25,-26,-30
1758467770.313958000	ab2bd85168fd	54656c69612d32472d413242423631	-25,-26,-30
1758467770.317602000	4ca30baada51	54656c69612d32472d413242423731	-60,-60,-70
1758467770.388381000	5b72acb11f0f	54656c69612d32472d413242383631	-80,-83,-82
1758467770.399512000	771ae4b8d94f	54656c69612d32472d413242393031	-82,-83,-87
1758467770.416904000	4ca30baada51	54656c69612d32472d413242423731	-60,-60,-70
1758467770.419903000	ab2bd85168fd	54656c69612d32472d413242423631	-25,-26,-30
1758467770.491637000	5b72acb11f0f	54656c69612d32472d413242383631	-81,-83,-84
1758467770.518456000	ab2bd85168fd	54656c69612d32472d413242423631	-26,-27,-30
1758467770.605943000	228571f08ccf	546865794b6e6f77576865726549503f21	-77,-82,-78
1758467770.656354000	5b1e22e0ed11	<MISSING>	-86,-89,-89
1758467770.724221000	ab2bd85168fd	54656c69612d32472d413242423631	-25,-26,-30
1758467770.728200000	4ca30baada51	54656c69612d32472d413242423731	-60,-60,-71
1758467770.731310000	5b1e22e0ed11	5a617057616e	-84,-87,-86
1758467770.732729000	5b1e22e0ed11	<MISSING>	-86,-90,-87
1758467770.770930000	5b1e22e0ed11	<MISSING>	-87,-90,-90
1758467770.798867000	5b72acb11f0f	54656c69612d32472d413242383631	-80,-83,-83
1758467770.809036000	771ae4b8d94f	54656c69612d32472d413242393031	-81,-82,-85
1758467770.826588000	4ca30baada51	54656c69612d32472d413242423731	-60,-60,-71
1758467770.829649000	ab2bd85168fd	54656c69612d32472d413242423631	-25,-26,-30
1758467770.911463000	771ae4b8d94f	54656c69612d32472d413242393031	-80,-81,-85
1758467770.928051000	ab2bd85168fd	54656c69612d32472d413242423631	-25,-26,-30
1758467770.932091000	4ca30baada51	54656c69612d32472d413242423731	-61,-61,-71
1758467770.938180000	fff540089a0e	<MISSING>	-66,-67,-72
1758467770.958503000	fff540089a0e	<MISSING>	-66,-67,-72
1758467770.978727000	fff540089a0e	<MISSING>	-66,-67,-72
1758467771.002133000	fff540089a0e	<MISSING>	-63,-64,-68
1758467771.015637000	228571f08ccf	546865794b6e6f77576865726549503f21	-80,-85,-81
1758467771.022981000	fff540089a0e	<MISSING>	-62,-63,-67
1758467771.034847000	4ca30baada51	54656c69612d32472d413242423731	-61,-61,-72
1758467771.037911000	ab2bd85168fd	54656c69612d32472d413242423631	-25,-26,-30
1758467771.063556000	fff540089a0e	<MISSING>	-65,-66,-69
1758467771.107477000	5b72acb11f0f	54656c69612d32472d413242383631	-79,-82,-82
1758467771.236121000	ab2bd85168fd	54656c69612d32472d413242423631	-25,-26,-30
1758467771.310820000	5b72acb11f0f	54656c69612d32472d413242383631	-80,-82,-83
1758467771.321048000	771ae4b8d94f	54656c69612d32472d413242393031	-81,-82,-87
1758467771.337346000	4ca30baada51	54656c69612d32472d413242423731	-60,-60,-71
1758467771.425162000	228571f08ccf	546865794b6e6f77576865726549503f21	-79,-85,-80
1758467771.440911000	ab2bd85168fd	54656c69612d32472d413242423631	-25,-26,-30
1758467771.443893000	4ca30baada51	54656c69612d32472d413242423731	-60,-60,-70
1758467771.513321000	5b72acb11f0f	54656c69612d32472d413242383631	-78,-81,-81
1758467771.525835000	771ae4b8d94f	54656c69612d32472d413242393031	-81,-82,-86
1758467771.543272000	ab2bd85168fd	54656c69612d32472d413242423631	-26,-27,-31
1758467771.546251000	4ca30baada51	54656c69612d32472d413242423731	-60,-60,-70
1758467771.615715000	5b72acb11f0f	54656c69612d32472d413242383631	-61,-67,-62
1758467771.732365000	228571f08ccf	546865794b6e6f77576865726549503f21	-79,-84,-80
1758467771.747343000	ab2bd85168fd	54656c69612d32472d413242423631	-25,-26,-30
1758467771.750343000	4ca30baada51	54656c69612d32472d413242423731	-60,-60,-70
1758467771.955931000	ab2bd85168fd	54656c69612d32472d413242423631	-25,-26,-31
1758467772.035470000	771ae4b8d94f	54656c69612d32472d413242393031	-82,-83,-86
1758467772.039584000	228571f08ccf	546865794b6e6f77576865726549503f21	-79,-85,-80
1758467772.054590000	ab2bd85168fd	54656c69612d32472d413242423631	-25,-26,-31
1758467772.057778000	4ca30baada51	54656c69612d32472d413242423731	-61,-61,-70
1758467772.157729000	ab2bd85168fd	54656c69612d32472d413242423631	-61,-61,-68
1758467772.259278000	ab2bd85168fd	54656c69612d32472d413242423631	-25,-26,-31
1758467772.262259000	4ca30baada51	54656c69612d32472d413242423731	-60,-60,-70
1758467772.362514000	ab2bd85168fd	54656c69612d32472d413242423631	-25,-26,-31
1758467772.365504000	4ca30baada51	54656c69612d32472d413242423731	-60,-60,-70
